<?xml version="1.0" encoding="UTF-8"?>

<configuration status="debug">

    <Appenders>
        <!-- 콜솔 -->
        <Console name="console" target="SYSTEM_OUT">

            <!--요 appender는 system_out,, 콘솔창에 찍힘-->
            <!--실무에서는, 보통 console과 file 모두에 남김.-->

            <PatternLayout charset="UTF-8" pattern="%d{yyyy-MM-dd hh:mm:ss} %5p [%c] %m%n"/>
            <!--pattern은 로그 메세지를 어떻게 남길것인지 설정.-->

        </Console>
    </Appenders>

    <loggers>
        <logger name="java.sql.PreparedStatement" level="DEBUG" additivity="false">
            <appender-ref ref="console"/>
        </logger>

        <logger name ="java.sql.ResultSet" level="DEBUG" additivity="false">
            <appender-ref ref="console"/>
        </logger>

        <root level="info" additivity="true">
            <AppenderRef ref="console"/>
        </root>
    </loggers>

</configuration>